1,1,Sara Pagac,nesciunt cumque neque,Actress
2,2,Bertha Braun,temporibus quis vero,Cinematographer
3,2,Johnathan Robel,illo doloribus animi,Production Designer
4,2,Rodolfo Okuneva,harum suscipit commodi,Cinematographer
5,2,Wilma Langosh,recusandae magni perferendis,Screenwriter
6,3,Dr. Mindy Mann,delectus voluptates impedit,Film Editor
7,3,Robert Hartmann,soluta fugit assumenda,Actress
8,4,Rochelle Raynor,optio quisquam odio,Producer
9,4,Louise Thompson,corrupti occaecati delectus,Director
10,4,Joseph Boehm I,cumque blanditiis mollitia,Actor
11,4,Gerard Considine III,a iure odit,Actress
12,4,Jorge McDermott,labore natus tempore,Production Designer
13,5,Virgil Altenwerth,quasi sunt blanditiis,Cinematographer
14,5,Terri Prosacco,est reiciendis esse,Film Editor
15,5,Brandon O'Connell,minima optio tenetur,Actress
16,6,Becky Thiel,voluptate suscipit est,Producer
17,6,Daryl Schultz,explicabo iusto consequatur,Actor
18,6,Jodi Champlin,tenetur repellendus maiores,Actress
19,7,Laurence Waters,omnis voluptatem hic,Film Editor
20,7,Brent Jacobs,dolor velit unde,Actress
21,7,Joy Stracke,repellendus consequatur ullam,Cinematographer
22,7,Marco Schumm,suscipit magni quae,Production Designer
23,7,Russell Kessler,voluptatem maxime repellat,Production Designer
24,8,Edna Lueilwitz-Crona,mollitia voluptate reprehenderit,Director
25,8,Micheal Rogahn PhD,nesciunt natus illo,Actress
26,8,Lee Simonis,ipsum a saepe,Producer
27,8,Dr. Ginger Sanford-Dietrich,asperiores maxime corporis,Actress
28,8,Marcos O'Connell,tempora magnam quisquam,Film Editor
29,9,Ms. Nellie Glover-Baumbach,occaecati unde eveniet,Cinematographer
30,9,Dr. Naomi Miller Jr.,omnis quae sequi,Producer
31,9,Betsy Schamberger,odit quisquam laudantium,Actress
32,9,Roger Toy III,numquam harum voluptatem,Production Designer
33,10,Wayne Volkman,deleniti earum nesciunt,Production Designer
34,11,Jackie Kling,neque esse esse,Actress
35,11,Walter Bayer,asperiores nobis pariatur,Director
36,11,Grace Stoltenberg,a voluptates voluptate,Costume Designer
37,11,Jody Kub,facilis voluptatem a,Producer
38,12,Dr. Tamara O'Conner,aspernatur maiores corporis,Production Designer
39,12,Gary Gislason,sequi quibusdam placeat,Film Editor
40,13,Sam Buckridge,cum eveniet impedit,Screenwriter
41,13,Myron Reichert DDS,tempora commodi fugiat,Music Composer
42,13,Janie Fisher,deleniti cupiditate dolor,Producer
43,13,Herman Rutherford,velit error error,Screenwriter
44,13,Ernest Hoppe-Baumbach,quas velit rem,Film Editor
45,14,Lynne Wuckert,quidem impedit debitis,Director
46,15,Simon Bogisich,enim architecto fugit,Actress
47,15,Devin Mosciski,doloremque nostrum voluptates,Costume Designer
48,15,Ruby Weissnat,exercitationem cupiditate accusamus,Costume Designer
49,16,Saul Jacobs,animi necessitatibus cum,Producer
50,17,Maryann Cummerata,error accusamus veniam,Music Composer
51,17,Opal Lueilwitz,deserunt provident provident,Cinematographer
52,17,Jim Heidenreich,omnis molestias vitae,Director
53,17,Dr. Darren Olson,quos fuga maxime,Actress
54,17,Dr. Tyrone Hayes,quo incidunt voluptas,Cinematographer
55,18,Jill Stroman,ipsam voluptates neque,Costume Designer
56,19,Terri Wiza,nam vitae quo,Actor
57,19,Eloise Metz,delectus quidem ipsum,Music Composer
58,19,Mrs. Beatrice Rogahn I,eveniet reprehenderit voluptas,Costume Designer
59,19,Ms. Betty Dach,officia consectetur possimus,Music Composer
60,19,Fredrick Will,facilis nostrum autem,Director
61,20,Dr. Ken Sanford,ea quasi voluptatibus,Actress
62,20,Dr. Jesse Murazik-Huels,facilis repudiandae nihil,Screenwriter
63,20,Angelo DuBuque,velit quisquam sed,Producer
64,20,Cindy Mills,excepturi expedita incidunt,Cinematographer
65,21,Janie Spinka,dicta laboriosam blanditiis,Music Composer
66,22,Jean Sanford,asperiores odit dolores,Screenwriter
67,22,Johnnie Kuvalis,dolorum vero a,Production Designer
68,22,Benjamin Buckridge I,ducimus aspernatur tempora,Music Composer
69,22,Theodore Tremblay,expedita accusantium id,Actress
70,22,Kelly Carroll,sapiente animi voluptatum,Director
71,23,Ross Bogan,officiis rerum illum,Music Composer
72,23,Colleen Gislason,corporis natus cum,Costume Designer
73,23,Viola Harvey V,laborum laborum tempora,Screenwriter
74,23,Delia Conn,perspiciatis aperiam ipsum,Music Composer
75,24,Louise Rodriguez,non fuga asperiores,Screenwriter
76,24,Martin Lubowitz,quia nam unde,Cinematographer
77,24,Brendan Runolfsdottir,vel totam voluptatum,Actor
78,24,Angelina Cassin,dicta quas possimus,Costume Designer
79,24,Dr. Cody Fay,error quisquam assumenda,Cinematographer
80,25,Brittany Adams,atque molestias modi,Music Composer
81,25,Olivia Haag-Ryan,enim ab blanditiis,Cinematographer
82,26,Francis Stehr,consequuntur eaque fuga,Actress
83,26,Faith Runolfsdottir,eum iste rem,Costume Designer
84,26,Dean Legros,pariatur ab nesciunt,Director
85,27,Aubrey Fritsch,tempora corporis corporis,Costume Designer
86,28,Grace Nader I,magnam eius tempora,Film Editor
87,28,Christine Daugherty,magnam dolores reiciendis,Production Designer
88,28,Harold Heidenreich,accusantium veniam voluptatem,Film Editor
89,29,Oscar Pollich,in aliquam harum,Film Editor
90,29,Dustin Stracke,beatae eaque esse,Production Designer
91,29,Douglas Labadie,iusto commodi distinctio,Actor
92,30,Dr. Lynn Brekke,incidunt saepe dolore,Cinematographer
93,31,Mr. Sherman Jones,nesciunt quibusdam culpa,Screenwriter
94,31,Sandy Fay-Bechtelar,ex earum neque,Screenwriter
95,32,Robert Jenkins,tempora corporis alias,Producer
96,32,Wilbur Auer,soluta perspiciatis id,Producer
97,32,Salvatore Gorczany,et quisquam delectus,Production Designer
98,32,Dr. Courtney Jacobson-Hamill,aut qui sint,Music Composer
99,33,Amber Schmidt,enim quod aliquam,Director
100,33,Renee Ullrich IV,illo quis libero,Director
101,33,Audrey Trantow,dicta praesentium mollitia,Screenwriter
102,33,Oliver Maggio,neque inventore aut,Costume Designer
103,34,Earl Herman,nulla nobis quisquam,Screenwriter
104,34,Doyle McLaughlin,sed id magni,Producer
105,35,Mr. Jeffrey Tromp II,voluptatibus at exercitationem,Director
106,36,Erin Gutkowski,in culpa eum,Screenwriter
107,36,Bobby Block,eligendi sed voluptates,Screenwriter
108,36,Robin Koelpin DVM,incidunt cum aspernatur,Film Editor
109,37,Kerry Schiller,nobis cumque non,Director
110,38,Tammy Dare,vero cumque unde,Actor
111,38,Darrell Hahn,doloremque perspiciatis facere,Film Editor
112,38,Jennifer Crooks,fuga ipsa repudiandae,Music Composer
113,38,Aubrey Klein,tempore consequatur eos,Actress
114,38,Joanna Lakin,nostrum voluptatem nihil,Costume Designer
115,39,Janice Considine,tempora tempora at,Actor
116,39,Harry Will,expedita quas aliquid,Music Composer
117,39,Vernon Schoen,ratione recusandae facilis,Screenwriter
118,40,Laurence Gutmann,beatae amet incidunt,Screenwriter
119,40,Christie Tromp,aperiam dolorem perferendis,Music Composer
120,40,Carolyn Luettgen,fugiat officia at,Cinematographer
121,40,Douglas Johnston,voluptate modi ullam,Music Composer
122,41,Franklin Leuschke,facilis cumque necessitatibus,Actor
123,41,Wilfred Beer,exercitationem ipsa placeat,Costume Designer
124,41,Karl Windler,ducimus perspiciatis commodi,Costume Designer
125,41,Jill Nolan,ipsam pariatur error,Director
126,42,Gregg Miller,sunt omnis magnam,Production Designer
127,42,Dean Terry,quidem officia occaecati,Music Composer
128,42,Rolando Koelpin,in error debitis,Screenwriter
129,42,Mable Powlowski,exercitationem nam alias,Screenwriter
130,43,Allen Bashirian,modi laboriosam modi,Actress
131,44,Victor Padberg Sr.,neque id possimus,Music Composer
132,45,Kelli Kessler II,occaecati minus nostrum,Director
133,45,Miss Norma Predovic,praesentium provident ipsam,Music Composer
134,45,Rudy Roberts,esse quam sequi,Costume Designer
135,46,Nathaniel Anderson,labore voluptate expedita,Screenwriter
136,46,Estelle McDermott Sr.,sequi quaerat laudantium,Film Editor
137,46,Johnnie Trantow,ratione aperiam voluptates,Actress
138,47,Kerry Mraz,suscipit sint reprehenderit,Costume Designer
139,47,Clara Moore II,vero quis fuga,Production Designer
140,47,Jeremy Schaden,cupiditate excepturi exercitationem,Music Composer
141,47,Antonia Kshlerin,exercitationem fuga corrupti,Music Composer
142,47,Stacy Mertz,sit esse asperiores,Production Designer
143,48,Shari Crona PhD,eligendi repellat voluptate,Film Editor
144,48,Dr. Archie Oberbrunner,similique sunt quam,Screenwriter
145,48,Bradley Nolan,nihil dolorem illum,Director
146,49,Chester Walsh,fugiat modi occaecati,Film Editor
147,49,Alonzo Murray,atque saepe repellat,Producer
148,49,Duane Corkery,iure esse eum,Costume Designer
149,50,Rogelio Wiza,voluptatem corrupti dolorem,Production Designer
150,50,Dr. Louise Nienow,unde aspernatur repellat,Music Composer
151,51,Kenny Ziemann-Block,ullam quia consectetur,Producer
152,51,Gary Kutch,iste necessitatibus animi,Director
153,51,Ms. Stacey Metz DVM,ipsa vitae temporibus,Screenwriter
154,51,Mrs. Juanita Schmitt,architecto adipisci occaecati,Film Editor
155,51,Miriam White,alias incidunt ut,Screenwriter
156,52,Pat Okuneva,fugiat reiciendis iusto,Costume Designer
157,52,Wendy Hauck,numquam dignissimos facere,Production Designer
158,52,Dr. Holly O'Hara,quas tenetur est,Producer
159,53,April Steuber,aspernatur est id,Film Editor
160,53,Christine VonRueden,illum dolores iusto,Music Composer
161,53,Sara Pouros,rerum repellat ut,Screenwriter
162,53,Felipe Harris,sit modi corporis,Producer
163,54,Rickey Simonis,hic sint repudiandae,Production Designer
164,54,Willard Breitenberg-West,quae ex dolorum,Production Designer
165,55,Deborah O'Keefe,vitae neque voluptas,Director
166,55,Jamie Pfannerstill Sr.,temporibus vero debitis,Production Designer
167,56,Jody Keeling,veniam dolores sunt,Screenwriter
168,56,Tabitha Goyette,aliquid velit nulla,Screenwriter
169,57,Allan Wisozk,accusantium esse eligendi,Cinematographer
170,58,Fernando Hirthe,eveniet minima laudantium,Screenwriter
171,58,Priscilla Luettgen,sequi dicta numquam,Production Designer
172,59,Dennis Jacobs,reprehenderit maiores consectetur,Actress
173,59,Vicki Ziemann,dolores doloribus enim,Production Designer
174,59,Fredrick Bradtke IV,cum iusto quaerat,Actor
175,59,Matt Kerluke,nihil odit corrupti,Music Composer
176,59,Sherri Block,facilis quae laudantium,Music Composer
177,60,Nichole Lakin,delectus provident tempore,Costume Designer
178,60,Mrs. Marcella Gleichner,aperiam incidunt tenetur,Cinematographer
179,61,Ruben Rau,vel vero nisi,Director
180,61,Jaime Muller II,vero quibusdam facilis,Production Designer
181,61,Joshua Casper,accusantium non mollitia,Film Editor
182,61,Todd Marquardt,ipsa voluptas officia,Actress
183,62,Jimmie Bernier,minima quasi fugiat,Music Composer
184,62,Ms. Nina Harris,mollitia doloribus commodi,Director
185,62,Dr. Van Windler,inventore molestias odit,Music Composer
186,62,Angie Schmeler,iure praesentium occaecati,Actor
187,63,Cheryl Yundt,sint vel nihil,Costume Designer
188,63,Matt Russel,voluptatibus repellat harum,Cinematographer
189,64,Krystal Mayert,necessitatibus a quam,Music Composer
190,64,Alyssa Bogan,recusandae ea id,Costume Designer
191,65,Angela Walsh,dolorem sint eligendi,Music Composer
192,65,Curtis Gibson,esse laborum adipisci,Production Designer
193,65,Miss Stacey Torp,quibusdam ipsam praesentium,Actor
194,66,Paul Krajcik-Will,vel quod molestiae,Actor
195,66,Stanley Bernhard,pariatur error inventore,Producer
196,66,Fredrick Wiegand,ipsa quas molestias,Production Designer
197,66,Jared Crooks,at omnis dolores,Production Designer
198,66,Miss Opal O'Keefe III,natus id rem,Producer
199,67,Opal Towne,hic architecto dicta,Producer
200,67,Frederick Vandervort I,dolore itaque expedita,Film Editor
201,67,Everett Hagenes,qui officiis nostrum,Actor
202,67,Terrance Macejkovic,autem ea ad,Actor
203,67,Cody Koepp Sr.,numquam ex illum,Film Editor
204,68,Mr. Arturo Mueller,rerum possimus error,Actor
205,69,Marty Kuvalis,nemo debitis est,Screenwriter
206,69,Fernando Yundt PhD,facilis ad quisquam,Actress
207,69,Wilbur Beatty,ipsa tempora vel,Producer
208,69,Felix Glover,sed facere occaecati,Producer
209,69,Walter Rodriguez,enim sunt accusantium,Music Composer
210,70,Joey Zieme,cumque perferendis repellendus,Producer
211,70,Michelle Senger,soluta sapiente qui,Director
212,70,Ms. Nora Altenwerth,perferendis fuga rerum,Director
213,71,Viola Heaney,tenetur nulla pariatur,Film Editor
214,71,Sonja Lehner,enim dignissimos beatae,Costume Designer
215,71,Santos Bernier,rerum iure facere,Actress
216,71,Gwen Leffler,voluptatibus iusto eius,Screenwriter
217,71,Mr. Claude Halvorson,quidem libero quo,Screenwriter
218,72,Travis Zemlak,nemo consectetur quaerat,Director
219,73,Ms. Terry Orn,delectus eius quasi,Production Designer
220,73,Diana Dibbert,voluptatem sapiente iusto,Screenwriter
221,73,Beverly Haley,nostrum qui facilis,Film Editor
222,73,Irvin Dooley-Tromp,velit placeat perspiciatis,Production Designer
223,73,Peggy Little,ea et quisquam,Producer
224,74,Alicia Rohan,soluta temporibus accusamus,Costume Designer
225,75,Lucia Conn,aliquid sit nulla,Director
226,75,Laurence Rice III,necessitatibus iusto qui,Actor
227,75,Shaun Osinski,ratione suscipit quo,Cinematographer
228,76,Ollie Grant,architecto possimus alias,Actress
229,76,Pedro Swaniawski,esse sint ad,Producer
230,76,Owen O'Connell,tempore consequatur dicta,Production Designer
231,76,Brent Fritsch-Huels,officiis iusto quidem,Actress
232,77,Sean Bechtelar DVM,impedit eius illum,Film Editor
233,77,Ryan Metz,maiores veritatis repellendus,Director
234,77,Todd Smitham,nemo facere quis,Screenwriter
235,78,Gayle Little,dolores tempore labore,Producer
236,78,Annie Gottlieb,libero eos perspiciatis,Costume Designer
237,79,Theodore Mante,perspiciatis vero voluptates,Cinematographer
238,79,Evan MacGyver,atque eveniet eaque,Film Editor
239,79,Thelma Gleichner,beatae perspiciatis architecto,Director
240,79,Sue Bashirian,repellendus quisquam amet,Director
241,79,Ernesto Hagenes,nam voluptatem cupiditate,Screenwriter
242,80,Margie Zemlak,laudantium qui suscipit,Director
243,81,Kristine Schiller-Labadie,temporibus qui odit,Costume Designer
244,81,Donna Medhurst,hic exercitationem placeat,Costume Designer
245,81,Ray Rosenbaum,excepturi placeat culpa,Director
246,82,Blake Kohler,mollitia ea dolores,Production Designer
247,82,Lester Heller,consequatur debitis illum,Production Designer
248,83,Delia Hermann,maiores occaecati veniam,Film Editor
249,84,Cornelius Deckow,vitae perferendis fugiat,Screenwriter
250,85,Eddie Braun,cum iure ipsum,Film Editor
251,85,Helen Hand,cumque quas quasi,Actress
252,85,Felix Little,voluptatem consequuntur eius,Music Composer
253,85,Ivan Parisian,ex accusamus dolore,Director
254,86,Elbert Schulist,doloribus sapiente eius,Film Editor
255,86,Francisco Keebler,neque hic temporibus,Director
256,86,Alexis Nienow,voluptatem sint tempore,Producer
257,86,Katrina Williamson,eum aspernatur architecto,Costume Designer
258,86,Michelle Collins,doloribus quis nihil,Production Designer
259,87,Agnes Walsh,maxime nisi delectus,Director
260,87,Dr. Jackie Stoltenberg,ipsam ut magnam,Actor
261,88,Loretta Waters,praesentium occaecati delectus,Film Editor
262,88,Lydia Mueller-Kassulke,nihil quae voluptates,Producer
263,88,Sally Weber,fugit corrupti quaerat,Producer
264,88,Darryl Hirthe I,alias officia sapiente,Director
265,88,Justin Dicki,ducimus veniam atque,Screenwriter
266,89,Marcus Lueilwitz,voluptatibus animi tempore,Costume Designer
267,90,Ms. Yvette Reynolds,veniam minus ullam,Producer
268,90,Clifton Littel,cum vel accusamus,Producer
269,90,Irving Stokes I,occaecati amet ipsam,Production Designer
270,91,Suzanne Cartwright,rerum nihil aperiam,Producer
271,91,Dr. Ethel McDermott,nulla sequi exercitationem,Production Designer
272,91,Bessie Lubowitz,sapiente sed illum,Screenwriter
273,91,Mack Jones,numquam dolorum aut,Actress
274,92,Lillie Graham,quidem velit beatae,Costume Designer
275,92,Beulah Aufderhar,doloribus minus velit,Costume Designer
276,92,Kim Powlowski,tenetur numquam debitis,Actress
277,92,Dominick Murazik,corrupti praesentium dignissimos,Film Editor
278,93,Brenda Haley,odit ullam esse,Director
279,93,Sabrina Adams,iste expedita ut,Screenwriter
280,93,Marie Yost,soluta nesciunt odio,Film Editor
281,94,Douglas Schulist,inventore eaque vel,Actor
282,94,Pauline Jast-Frami IV,ullam doloribus facilis,Film Editor
283,95,Erin Murazik,modi impedit ullam,Producer
284,96,Dr. Antoinette Wisoky,temporibus dolorum cum,Actor
285,96,Mrs. Robyn Hagenes,nobis molestias deserunt,Director
286,96,Elias Boyle,alias natus dolorem,Producer
287,97,Dr. Luke Walsh,debitis minima optio,Actress
288,98,Courtney Fadel Sr.,sit itaque neque,Music Composer
289,98,Kristi Skiles,repellendus vero ex,Actor
290,98,Ms. Tamara Ferry,sit tempora similique,Director
291,98,Howard Murazik,exercitationem debitis consectetur,Music Composer
292,98,Shane Larson,odio ducimus voluptatum,Costume Designer
293,99,Dr. Joshua Ratke,consectetur quas autem,Screenwriter
294,100,Anthony Kertzmann,nemo natus incidunt,Director